,Age,Gender,Experience,Question,Option,Count
0,23-26 years old,Man,What is you preferred development environment?,What is you preferred development environment?,Windows,6
1,23-26 years old,Man, How do you learn to code?, How do you learn to code?,Leetcode,1
2,23-26 years old,Man, How do you learn to code?, How do you learn to code?,"School (i.e, University, College, etc)",1
3,23-26 years old,Man, How do you learn to code?, How do you learn to code?,Online Courses or Certification,1
4,23-26 years old,Man, How do you learn to code?, How do you learn to code?,"Online Courses or Certification, School (i.e, University, College, etc)",2
5,23-26 years old,Man, How do you learn to code?, How do you learn to code?,"Online Courses or Certification, Books, School (i.e, University, College, etc)",1
6,23-26 years old,Man,What is the biggest challenge you face as a developer?,What is the biggest challenge you face as a developer?,Keeping up with new technologies,2
7,23-26 years old,Man,What is the biggest challenge you face as a developer?,What is the biggest challenge you face as a developer?,Work-life balance,2
8,23-26 years old,Man,What is the biggest challenge you face as a developer?,What is the biggest challenge you face as a developer?,Understanding existing codebases,1
9,23-26 years old,Man,What is the biggest challenge you face as a developer?,What is the biggest challenge you face as a developer?,Time management,1
10,23-26 years old,Man,"When choosing a programming language for a new project, you prioritize:","When choosing a programming language for a new project, you prioritize:",The specific requirements of the project,5
11,23-26 years old,Man,"When choosing a programming language for a new project, you prioritize:","When choosing a programming language for a new project, you prioritize:",The development team's familiarity with the language,1
12,23-26 years old,Man,How do you communicate effectively with teammates to collaborate while adhering to the timelines?,How do you communicate effectively with teammates to collaborate while adhering to the timelines?,"Use project management tools to assign tasks and track progress, ensuring everyone is aware of deadlines.",1
13,23-26 years old,Man,How do you communicate effectively with teammates to collaborate while adhering to the timelines?,How do you communicate effectively with teammates to collaborate while adhering to the timelines?,"Schedule regular meetings for updates and coordination, but keep them concise to avoid taking too much time away from work.",3
14,23-26 years old,Man,How do you communicate effectively with teammates to collaborate while adhering to the timelines?,How do you communicate effectively with teammates to collaborate while adhering to the timelines?,"Rely on informal chats and emails for quick updates, trusting team members to manage their time efficiently.",2
15,23-26 years old,Man,How do you ensure that you stay up-to-date with industry changes as a software developer?,How do you ensure that you stay up-to-date with industry changes as a software developer?,"Regularly read industry blogs, websites, and journals to learn about the latest trends and technologies.",2
16,23-26 years old,Man,How do you ensure that you stay up-to-date with industry changes as a software developer?,How do you ensure that you stay up-to-date with industry changes as a software developer?,Participate in online courses and certification programs to acquire new skills and knowledge.,2
17,23-26 years old,Man,How do you ensure that you stay up-to-date with industry changes as a software developer?,How do you ensure that you stay up-to-date with industry changes as a software developer?,,1
18,23-26 years old,Man,How do you ensure that you stay up-to-date with industry changes as a software developer?,How do you ensure that you stay up-to-date with industry changes as a software developer?,"Attend workshops, conferences, and webinars to gain insights from industry leaders and peers., Participate in online courses and certification programs to acquire new skills and knowledge.",1
19,23-26 years old,Man,How do you balance between innovation and meeting project deadlines?,How do you balance between innovation and meeting project deadlines?,Focus solely on meeting deadlines,3
20,23-26 years old,Man,How do you balance between innovation and meeting project deadlines?,How do you balance between innovation and meeting project deadlines?,Allocate specific time for research and innovation,1
21,23-26 years old,Man,How do you balance between innovation and meeting project deadlines?,How do you balance between innovation and meeting project deadlines?,Prioritize innovation over deadlines,2
22,23-26 years old,Man,Software development contributes to societal challenges by:,Software development contributes to societal challenges by:,"Improving healthcare through technology, such as telemedicine platforms and health tracking apps.",3
23,23-26 years old,Man,Software development contributes to societal challenges by:,Software development contributes to societal challenges by:,"Enhancing education with e-learning platforms, interactive learning tools, and virtual classrooms.",1
24,23-26 years old,Man,Software development contributes to societal challenges by:,Software development contributes to societal challenges by:,"Improving healthcare through technology, such as telemedicine platforms and health tracking apps., Enhancing education with e-learning platforms, interactive learning tools, and virtual classrooms., Addressing climate change with environmental monitoring systems, carbon footprint calculators, and energy efficiency applications., Supporting economic development through fintech solutions, e-commerce platforms, and digital marketplaces.",2
25,23-26 years old,Man,"A company uses an AI system to monitor its employees' productivity. The AI suggests firing an employee based on low productivity, but the employee is going through a tough personal time. How should the company proceed?","A company uses an AI system to monitor its employees' productivity. The AI suggests firing an employee based on low productivity, but the employee is going through a tough personal time. How should the company proceed?",Use the AI‚Äôs suggestion as one of several factors in the decision,5
26,23-26 years old,Man,"A company uses an AI system to monitor its employees' productivity. The AI suggests firing an employee based on low productivity, but the employee is going through a tough personal time. How should the company proceed?","A company uses an AI system to monitor its employees' productivity. The AI suggests firing an employee based on low productivity, but the employee is going through a tough personal time. How should the company proceed?",Ignore the AI‚Äôs suggestion and keep the employee,1
27,23-26 years old,Man,You're assigned to a project that requires expertise in a programming language you're not familiar with. The deadline is tight. What is your strategy to tackle this situation? ,You're assigned to a project that requires expertise in a programming language you're not familiar with. The deadline is tight. What is your strategy to tackle this situation? ,Spend time upfront to learn the basics of the language.,2
28,23-26 years old,Man,You're assigned to a project that requires expertise in a programming language you're not familiar with. The deadline is tight. What is your strategy to tackle this situation? ,You're assigned to a project that requires expertise in a programming language you're not familiar with. The deadline is tight. What is your strategy to tackle this situation? ,Seek assistance from a colleague who knows the language.,1
29,23-26 years old,Man,You're assigned to a project that requires expertise in a programming language you're not familiar with. The deadline is tight. What is your strategy to tackle this situation? ,You're assigned to a project that requires expertise in a programming language you're not familiar with. The deadline is tight. What is your strategy to tackle this situation? ,Use your existing knowledge and adapt as you go.,2
30,23-26 years old,Man,You're assigned to a project that requires expertise in a programming language you're not familiar with. The deadline is tight. What is your strategy to tackle this situation? ,You're assigned to a project that requires expertise in a programming language you're not familiar with. The deadline is tight. What is your strategy to tackle this situation? ,Suggest reallocating the project to someone with the necessary expertise.,1
31,23-26 years old,Man,You discover a critical bug right before a software release. What immediate action do you take?,You discover a critical bug right before a software release. What immediate action do you take?,Communicate with stakeholders about the issue and seek their input on how to proceed.,1
32,23-26 years old,Man,You discover a critical bug right before a software release. What immediate action do you take?,You discover a critical bug right before a software release. What immediate action do you take?,"Delay the release to assess and fix the bug, ensuring the product meets quality standards.",4
33,23-26 years old,Man,You discover a critical bug right before a software release. What immediate action do you take?,You discover a critical bug right before a software release. What immediate action do you take?,Release a limited beta version to a select group of users for further testing while addressing the bug.,1
34,23-26 years old,Man,"In a professional setting, if your team is supposed to deliver a SaaS product within a two-day timeframe, and you discover a critical bug in the software, how would you address and handle this situation?","In a professional setting, if your team is supposed to deliver a SaaS product within a two-day timeframe, and you discover a critical bug in the software, how would you address and handle this situation?","Prioritize the bug based on its severity and impact, and if it's critical, reallocate resources to fix it immediately, even if this means pushing back the delivery date",2
35,23-26 years old,Man,"In a professional setting, if your team is supposed to deliver a SaaS product within a two-day timeframe, and you discover a critical bug in the software, how would you address and handle this situation?","In a professional setting, if your team is supposed to deliver a SaaS product within a two-day timeframe, and you discover a critical bug in the software, how would you address and handle this situation?","Inform your team leader or project manager about the bug immediately, and work collaboratively to assess its impact and decide on the next steps.",4
36,23-26 years old,Man,What is you preferred development environment?,What is you preferred development environment?,macOS,3
37,23-26 years old,Man, How do you learn to code?, How do you learn to code?,"School (i.e, University, College, etc)",1
38,23-26 years old,Man, How do you learn to code?, How do you learn to code?,Online Courses or Certification,1
39,23-26 years old,Man, How do you learn to code?, How do you learn to code?,"Online Courses or Certification, Books, Coding Bootcamp",1
40,23-26 years old,Man,What is the biggest challenge you face as a developer?,What is the biggest challenge you face as a developer?,Keeping up with new technologies,2
41,23-26 years old,Man,What is the biggest challenge you face as a developer?,What is the biggest challenge you face as a developer?,Work-life balance,1
42,23-26 years old,Man,"When choosing a programming language for a new project, you prioritize:","When choosing a programming language for a new project, you prioritize:",The specific requirements of the project,1
43,23-26 years old,Man,"When choosing a programming language for a new project, you prioritize:","When choosing a programming language for a new project, you prioritize:",The language's community support and ecosystem,2
44,23-26 years old,Man,How do you communicate effectively with teammates to collaborate while adhering to the timelines?,How do you communicate effectively with teammates to collaborate while adhering to the timelines?,"Use project management tools to assign tasks and track progress, ensuring everyone is aware of deadlines.",1
45,23-26 years old,Man,How do you communicate effectively with teammates to collaborate while adhering to the timelines?,How do you communicate effectively with teammates to collaborate while adhering to the timelines?,"Rely on informal chats and emails for quick updates, trusting team members to manage their time efficiently.",1
46,23-26 years old,Man,How do you communicate effectively with teammates to collaborate while adhering to the timelines?,How do you communicate effectively with teammates to collaborate while adhering to the timelines?,"Schedule regular meetings for updates and coordination, but keep them concise to avoid taking too much time away from work.",1
47,23-26 years old,Man,How do you ensure that you stay up-to-date with industry changes as a software developer?,How do you ensure that you stay up-to-date with industry changes as a software developer?,"Attend workshops, conferences, and webinars to gain insights from industry leaders and peers.",2
48,23-26 years old,Man,How do you ensure that you stay up-to-date with industry changes as a software developer?,How do you ensure that you stay up-to-date with industry changes as a software developer?,Engage in open-source projects and coding communities to get hands-on experience with cutting-edge technologies.,1
49,23-26 years old,Man,How do you balance between innovation and meeting project deadlines?,How do you balance between innovation and meeting project deadlines?,Focus solely on meeting deadlines,1
50,23-26 years old,Man,How do you balance between innovation and meeting project deadlines?,How do you balance between innovation and meeting project deadlines?,Allocate specific time for research and innovation,2
51,23-26 years old,Man,Software development contributes to societal challenges by:,Software development contributes to societal challenges by:,"Supporting economic development through fintech solutions, e-commerce platforms, and digital marketplaces.",2
52,23-26 years old,Man,Software development contributes to societal challenges by:,Software development contributes to societal challenges by:,"Improving healthcare through technology, such as telemedicine platforms and health tracking apps.",1
53,23-26 years old,Man,"A company uses an AI system to monitor its employees' productivity. The AI suggests firing an employee based on low productivity, but the employee is going through a tough personal time. How should the company proceed?","A company uses an AI system to monitor its employees' productivity. The AI suggests firing an employee based on low productivity, but the employee is going through a tough personal time. How should the company proceed?",Use the AI‚Äôs suggestion as one of several factors in the decision,1
54,23-26 years old,Man,"A company uses an AI system to monitor its employees' productivity. The AI suggests firing an employee based on low productivity, but the employee is going through a tough personal time. How should the company proceed?","A company uses an AI system to monitor its employees' productivity. The AI suggests firing an employee based on low productivity, but the employee is going through a tough personal time. How should the company proceed?",Ignore the AI‚Äôs suggestion and keep the employee,1
55,23-26 years old,Man,"A company uses an AI system to monitor its employees' productivity. The AI suggests firing an employee based on low productivity, but the employee is going through a tough personal time. How should the company proceed?","A company uses an AI system to monitor its employees' productivity. The AI suggests firing an employee based on low productivity, but the employee is going through a tough personal time. How should the company proceed?",Follow the AI‚Äôs suggestion and fire the employee,1
56,23-26 years old,Man,You're assigned to a project that requires expertise in a programming language you're not familiar with. The deadline is tight. What is your strategy to tackle this situation? ,You're assigned to a project that requires expertise in a programming language you're not familiar with. The deadline is tight. What is your strategy to tackle this situation? ,Use your existing knowledge and adapt as you go.,3
57,23-26 years old,Man,You discover a critical bug right before a software release. What immediate action do you take?,You discover a critical bug right before a software release. What immediate action do you take?,"Delay the release to assess and fix the bug, ensuring the product meets quality standards.",2
58,23-26 years old,Man,You discover a critical bug right before a software release. What immediate action do you take?,You discover a critical bug right before a software release. What immediate action do you take?,Release a limited beta version to a select group of users for further testing while addressing the bug.,1
59,23-26 years old,Man,"In a professional setting, if your team is supposed to deliver a SaaS product within a two-day timeframe, and you discover a critical bug in the software, how would you address and handle this situation?","In a professional setting, if your team is supposed to deliver a SaaS product within a two-day timeframe, and you discover a critical bug in the software, how would you address and handle this situation?","Prioritize the bug based on its severity and impact, and if it's critical, reallocate resources to fix it immediately, even if this means pushing back the delivery date",2
60,23-26 years old,Man,"In a professional setting, if your team is supposed to deliver a SaaS product within a two-day timeframe, and you discover a critical bug in the software, how would you address and handle this situation?","In a professional setting, if your team is supposed to deliver a SaaS product within a two-day timeframe, and you discover a critical bug in the software, how would you address and handle this situation?","Inform your team leader or project manager about the bug immediately, and work collaboratively to assess its impact and decide on the next steps.",1
61,23-26 years old,Man,What is you preferred development environment?,What is you preferred development environment?,macOS,4
62,23-26 years old,Man,What is you preferred development environment?,What is you preferred development environment?,Windows,4
63,23-26 years old,Man, How do you learn to code?, How do you learn to code?,Online Courses or Certification,3
64,23-26 years old,Man, How do you learn to code?, How do you learn to code?,"School (i.e, University, College, etc)",3
65,23-26 years old,Man, How do you learn to code?, How do you learn to code?,"Online Courses or Certification, Books",1
66,23-26 years old,Man, How do you learn to code?, How do you learn to code?,"Online Courses or Certification, Books, School (i.e, University, College, etc), Coding Bootcamp",1
67,23-26 years old,Man,What is the biggest challenge you face as a developer?,What is the biggest challenge you face as a developer?,Keeping up with new technologies,5
68,23-26 years old,Man,What is the biggest challenge you face as a developer?,What is the biggest challenge you face as a developer?,Time management,1
69,23-26 years old,Man,What is the biggest challenge you face as a developer?,What is the biggest challenge you face as a developer?,Work-life balance,1
70,23-26 years old,Man,What is the biggest challenge you face as a developer?,What is the biggest challenge you face as a developer?,Understanding existing codebases,1
71,23-26 years old,Man,"When choosing a programming language for a new project, you prioritize:","When choosing a programming language for a new project, you prioritize:",The specific requirements of the project,1
72,23-26 years old,Man,"When choosing a programming language for a new project, you prioritize:","When choosing a programming language for a new project, you prioritize:",The language's community support and ecosystem,2
73,23-26 years old,Man,"When choosing a programming language for a new project, you prioritize:","When choosing a programming language for a new project, you prioritize:",The language's performance and scalability,3
74,23-26 years old,Man,"When choosing a programming language for a new project, you prioritize:","When choosing a programming language for a new project, you prioritize:",The development team's familiarity with the language,2
75,23-26 years old,Man,How do you communicate effectively with teammates to collaborate while adhering to the timelines?,How do you communicate effectively with teammates to collaborate while adhering to the timelines?,"Use project management tools to assign tasks and track progress, ensuring everyone is aware of deadlines.",3
76,23-26 years old,Man,How do you communicate effectively with teammates to collaborate while adhering to the timelines?,How do you communicate effectively with teammates to collaborate while adhering to the timelines?,"Rely on informal chats and emails for quick updates, trusting team members to manage their time efficiently.",3
77,23-26 years old,Man,How do you communicate effectively with teammates to collaborate while adhering to the timelines?,How do you communicate effectively with teammates to collaborate while adhering to the timelines?,"Schedule regular meetings for updates and coordination, but keep them concise to avoid taking too much time away from work.",2
78,23-26 years old,Man,How do you ensure that you stay up-to-date with industry changes as a software developer?,How do you ensure that you stay up-to-date with industry changes as a software developer?,"Attend workshops, conferences, and webinars to gain insights from industry leaders and peers.",3
79,23-26 years old,Man,How do you ensure that you stay up-to-date with industry changes as a software developer?,How do you ensure that you stay up-to-date with industry changes as a software developer?,"Regularly read industry blogs, websites, and journals to learn about the latest trends and technologies.",2
80,23-26 years old,Man,How do you ensure that you stay up-to-date with industry changes as a software developer?,How do you ensure that you stay up-to-date with industry changes as a software developer?,Participate in online courses and certification programs to acquire new skills and knowledge.,1
81,23-26 years old,Man,How do you ensure that you stay up-to-date with industry changes as a software developer?,How do you ensure that you stay up-to-date with industry changes as a software developer?,"Regularly read industry blogs, websites, and journals to learn about the latest trends and technologies., Attend workshops, conferences, and webinars to gain insights from industry leaders and peers., Participate in online courses and certification programs to acquire new skills and knowledge., Engage in open-source projects and coding communities to get hands-on experience with cutting-edge technologies.",1
82,23-26 years old,Man,How do you ensure that you stay up-to-date with industry changes as a software developer?,How do you ensure that you stay up-to-date with industry changes as a software developer?,"Participate in online courses and certification programs to acquire new skills and knowledge., Engage in open-source projects and coding communities to get hands-on experience with cutting-edge technologies.",1
83,23-26 years old,Man,How do you balance between innovation and meeting project deadlines?,How do you balance between innovation and meeting project deadlines?,Allocate specific time for research and innovation,7
84,23-26 years old,Man,How do you balance between innovation and meeting project deadlines?,How do you balance between innovation and meeting project deadlines?,Focus solely on meeting deadlines,1
85,23-26 years old,Man,Software development contributes to societal challenges by:,Software development contributes to societal challenges by:,"Improving healthcare through technology, such as telemedicine platforms and health tracking apps.",2
86,23-26 years old,Man,Software development contributes to societal challenges by:,Software development contributes to societal challenges by:,"Enhancing education with e-learning platforms, interactive learning tools, and virtual classrooms.",3
87,23-26 years old,Man,Software development contributes to societal challenges by:,Software development contributes to societal challenges by:,"Improving healthcare through technology, such as telemedicine platforms and health tracking apps., Enhancing education with e-learning platforms, interactive learning tools, and virtual classrooms., Addressing climate change with environmental monitoring systems, carbon footprint calculators, and energy efficiency applications., Supporting economic development through fintech solutions, e-commerce platforms, and digital marketplaces.",2
88,23-26 years old,Man,Software development contributes to societal challenges by:,Software development contributes to societal challenges by:,"Addressing climate change with environmental monitoring systems, carbon footprint calculators, and energy efficiency applications.",1
89,23-26 years old,Man,"A company uses an AI system to monitor its employees' productivity. The AI suggests firing an employee based on low productivity, but the employee is going through a tough personal time. How should the company proceed?","A company uses an AI system to monitor its employees' productivity. The AI suggests firing an employee based on low productivity, but the employee is going through a tough personal time. How should the company proceed?",Use the AI‚Äôs suggestion as one of several factors in the decision,5
90,23-26 years old,Man,"A company uses an AI system to monitor its employees' productivity. The AI suggests firing an employee based on low productivity, but the employee is going through a tough personal time. How should the company proceed?","A company uses an AI system to monitor its employees' productivity. The AI suggests firing an employee based on low productivity, but the employee is going through a tough personal time. How should the company proceed?",Follow the AI‚Äôs suggestion and fire the employee,1
91,23-26 years old,Man,"A company uses an AI system to monitor its employees' productivity. The AI suggests firing an employee based on low productivity, but the employee is going through a tough personal time. How should the company proceed?","A company uses an AI system to monitor its employees' productivity. The AI suggests firing an employee based on low productivity, but the employee is going through a tough personal time. How should the company proceed?",Ignore the AI‚Äôs suggestion and keep the employee,2
92,23-26 years old,Man,You're assigned to a project that requires expertise in a programming language you're not familiar with. The deadline is tight. What is your strategy to tackle this situation? ,You're assigned to a project that requires expertise in a programming language you're not familiar with. The deadline is tight. What is your strategy to tackle this situation? ,Seek assistance from a colleague who knows the language.,1
93,23-26 years old,Man,You're assigned to a project that requires expertise in a programming language you're not familiar with. The deadline is tight. What is your strategy to tackle this situation? ,You're assigned to a project that requires expertise in a programming language you're not familiar with. The deadline is tight. What is your strategy to tackle this situation? ,Use your existing knowledge and adapt as you go.,4
94,23-26 years old,Man,You're assigned to a project that requires expertise in a programming language you're not familiar with. The deadline is tight. What is your strategy to tackle this situation? ,You're assigned to a project that requires expertise in a programming language you're not familiar with. The deadline is tight. What is your strategy to tackle this situation? ,Spend time upfront to learn the basics of the language.,2
95,23-26 years old,Man,You're assigned to a project that requires expertise in a programming language you're not familiar with. The deadline is tight. What is your strategy to tackle this situation? ,You're assigned to a project that requires expertise in a programming language you're not familiar with. The deadline is tight. What is your strategy to tackle this situation? ,Suggest reallocating the project to someone with the necessary expertise.,1
96,23-26 years old,Man,You discover a critical bug right before a software release. What immediate action do you take?,You discover a critical bug right before a software release. What immediate action do you take?,Communicate with stakeholders about the issue and seek their input on how to proceed.,2
97,23-26 years old,Man,You discover a critical bug right before a software release. What immediate action do you take?,You discover a critical bug right before a software release. What immediate action do you take?,Release a limited beta version to a select group of users for further testing while addressing the bug.,3
98,23-26 years old,Man,You discover a critical bug right before a software release. What immediate action do you take?,You discover a critical bug right before a software release. What immediate action do you take?,"Delay the release to assess and fix the bug, ensuring the product meets quality standards.",3
99,23-26 years old,Man,"In a professional setting, if your team is supposed to deliver a SaaS product within a two-day timeframe, and you discover a critical bug in the software, how would you address and handle this situation?","In a professional setting, if your team is supposed to deliver a SaaS product within a two-day timeframe, and you discover a critical bug in the software, how would you address and handle this situation?","Inform your team leader or project manager about the bug immediately, and work collaboratively to assess its impact and decide on the next steps.",6
100,23-26 years old,Man,"In a professional setting, if your team is supposed to deliver a SaaS product within a two-day timeframe, and you discover a critical bug in the software, how would you address and handle this situation?","In a professional setting, if your team is supposed to deliver a SaaS product within a two-day timeframe, and you discover a critical bug in the software, how would you address and handle this situation?","Prioritize the bug based on its severity and impact, and if it's critical, reallocate resources to fix it immediately, even if this means pushing back the delivery date",1
101,23-26 years old,Man,"In a professional setting, if your team is supposed to deliver a SaaS product within a two-day timeframe, and you discover a critical bug in the software, how would you address and handle this situation?","In a professional setting, if your team is supposed to deliver a SaaS product within a two-day timeframe, and you discover a critical bug in the software, how would you address and handle this situation?",Delay the delivery without informing stakeholders to buy time for fixing the bug,1
102,23-26 years old,Woman,What is you preferred development environment?,What is you preferred development environment?,macOS,1
103,23-26 years old,Woman,What is you preferred development environment?,What is you preferred development environment?,Windows,1
104,23-26 years old,Woman, How do you learn to code?, How do you learn to code?,Online Courses or Certification,1
105,23-26 years old,Woman, How do you learn to code?, How do you learn to code?,"Online Courses or Certification, School (i.e, University, College, etc)",1
106,23-26 years old,Woman,What is the biggest challenge you face as a developer?,What is the biggest challenge you face as a developer?,Time management,1
107,23-26 years old,Woman,What is the biggest challenge you face as a developer?,What is the biggest challenge you face as a developer?,Keeping up with new technologies,1
108,23-26 years old,Woman,"When choosing a programming language for a new project, you prioritize:","When choosing a programming language for a new project, you prioritize:",The language's community support and ecosystem,1
109,23-26 years old,Woman,"When choosing a programming language for a new project, you prioritize:","When choosing a programming language for a new project, you prioritize:",The specific requirements of the project,1
110,23-26 years old,Woman,How do you communicate effectively with teammates to collaborate while adhering to the timelines?,How do you communicate effectively with teammates to collaborate while adhering to the timelines?,"Use project management tools to assign tasks and track progress, ensuring everyone is aware of deadlines.",1
111,23-26 years old,Woman,How do you communicate effectively with teammates to collaborate while adhering to the timelines?,How do you communicate effectively with teammates to collaborate while adhering to the timelines?,"Schedule regular meetings for updates and coordination, but keep them concise to avoid taking too much time away from work.",1
112,23-26 years old,Woman,How do you ensure that you stay up-to-date with industry changes as a software developer?,How do you ensure that you stay up-to-date with industry changes as a software developer?,"Regularly read industry blogs, websites, and journals to learn about the latest trends and technologies.",1
113,23-26 years old,Woman,How do you ensure that you stay up-to-date with industry changes as a software developer?,How do you ensure that you stay up-to-date with industry changes as a software developer?,"Regularly read industry blogs, websites, and journals to learn about the latest trends and technologies., Participate in online courses and certification programs to acquire new skills and knowledge.",1
114,23-26 years old,Woman,How do you balance between innovation and meeting project deadlines?,How do you balance between innovation and meeting project deadlines?,Adjust project scopes to include innovation,1
115,23-26 years old,Woman,How do you balance between innovation and meeting project deadlines?,How do you balance between innovation and meeting project deadlines?,Allocate specific time for research and innovation,1
116,23-26 years old,Woman,Software development contributes to societal challenges by:,Software development contributes to societal challenges by:,"Enhancing education with e-learning platforms, interactive learning tools, and virtual classrooms.",1
117,23-26 years old,Woman,Software development contributes to societal challenges by:,Software development contributes to societal challenges by:,"Improving healthcare through technology, such as telemedicine platforms and health tracking apps., Enhancing education with e-learning platforms, interactive learning tools, and virtual classrooms., Supporting economic development through fintech solutions, e-commerce platforms, and digital marketplaces.",1
118,23-26 years old,Woman,"A company uses an AI system to monitor its employees' productivity. The AI suggests firing an employee based on low productivity, but the employee is going through a tough personal time. How should the company proceed?","A company uses an AI system to monitor its employees' productivity. The AI suggests firing an employee based on low productivity, but the employee is going through a tough personal time. How should the company proceed?",Use the AI‚Äôs suggestion as one of several factors in the decision,2
119,23-26 years old,Woman,You're assigned to a project that requires expertise in a programming language you're not familiar with. The deadline is tight. What is your strategy to tackle this situation? ,You're assigned to a project that requires expertise in a programming language you're not familiar with. The deadline is tight. What is your strategy to tackle this situation? ,Use your existing knowledge and adapt as you go.,2
120,23-26 years old,Woman,You discover a critical bug right before a software release. What immediate action do you take?,You discover a critical bug right before a software release. What immediate action do you take?,Proceed with the release as planned and fix the bug in a subsequent patch.,1
121,23-26 years old,Woman,You discover a critical bug right before a software release. What immediate action do you take?,You discover a critical bug right before a software release. What immediate action do you take?,"Delay the release to assess and fix the bug, ensuring the product meets quality standards.",1
122,23-26 years old,Woman,"In a professional setting, if your team is supposed to deliver a SaaS product within a two-day timeframe, and you discover a critical bug in the software, how would you address and handle this situation?","In a professional setting, if your team is supposed to deliver a SaaS product within a two-day timeframe, and you discover a critical bug in the software, how would you address and handle this situation?","Inform your team leader or project manager about the bug immediately, and work collaboratively to assess its impact and decide on the next steps.",2
123,18-22 years old,Woman,What is you preferred development environment?,What is you preferred development environment?,macOS,1
124,18-22 years old,Woman,What is you preferred development environment?,What is you preferred development environment?,Windows,1
125,18-22 years old,Woman, How do you learn to code?, How do you learn to code?,"School (i.e, University, College, etc)",1
126,18-22 years old,Woman, How do you learn to code?, How do you learn to code?,Coding Bootcamp,1
127,18-22 years old,Woman,What is the biggest challenge you face as a developer?,What is the biggest challenge you face as a developer?,Keeping up with new technologies,1
128,18-22 years old,Woman,What is the biggest challenge you face as a developer?,What is the biggest challenge you face as a developer?,Work-life balance,1
129,18-22 years old,Woman,"When choosing a programming language for a new project, you prioritize:","When choosing a programming language for a new project, you prioritize:",The language's performance and scalability,1
130,18-22 years old,Woman,"When choosing a programming language for a new project, you prioritize:","When choosing a programming language for a new project, you prioritize:",The specific requirements of the project,1
131,18-22 years old,Woman,How do you communicate effectively with teammates to collaborate while adhering to the timelines?,How do you communicate effectively with teammates to collaborate while adhering to the timelines?,"Schedule regular meetings for updates and coordination, but keep them concise to avoid taking too much time away from work.",1
132,18-22 years old,Woman,How do you communicate effectively with teammates to collaborate while adhering to the timelines?,How do you communicate effectively with teammates to collaborate while adhering to the timelines?,"Use project management tools to assign tasks and track progress, ensuring everyone is aware of deadlines.",1
133,18-22 years old,Woman,How do you ensure that you stay up-to-date with industry changes as a software developer?,How do you ensure that you stay up-to-date with industry changes as a software developer?,"Regularly read industry blogs, websites, and journals to learn about the latest trends and technologies.",2
134,18-22 years old,Woman,How do you balance between innovation and meeting project deadlines?,How do you balance between innovation and meeting project deadlines?,Adjust project scopes to include innovation,1
135,18-22 years old,Woman,How do you balance between innovation and meeting project deadlines?,How do you balance between innovation and meeting project deadlines?,Allocate specific time for research and innovation,1
136,18-22 years old,Woman,Software development contributes to societal challenges by:,Software development contributes to societal challenges by:,"Enhancing education with e-learning platforms, interactive learning tools, and virtual classrooms.",1
137,18-22 years old,Woman,Software development contributes to societal challenges by:,Software development contributes to societal challenges by:,"Improving healthcare through technology, such as telemedicine platforms and health tracking apps.",1
138,18-22 years old,Woman,"A company uses an AI system to monitor its employees' productivity. The AI suggests firing an employee based on low productivity, but the employee is going through a tough personal time. How should the company proceed?","A company uses an AI system to monitor its employees' productivity. The AI suggests firing an employee based on low productivity, but the employee is going through a tough personal time. How should the company proceed?",Use the AI‚Äôs suggestion as one of several factors in the decision,2
139,18-22 years old,Woman,You're assigned to a project that requires expertise in a programming language you're not familiar with. The deadline is tight. What is your strategy to tackle this situation? ,You're assigned to a project that requires expertise in a programming language you're not familiar with. The deadline is tight. What is your strategy to tackle this situation? ,Seek assistance from a colleague who knows the language.,2
140,18-22 years old,Woman,You discover a critical bug right before a software release. What immediate action do you take?,You discover a critical bug right before a software release. What immediate action do you take?,Communicate with stakeholders about the issue and seek their input on how to proceed.,2
141,18-22 years old,Woman,"In a professional setting, if your team is supposed to deliver a SaaS product within a two-day timeframe, and you discover a critical bug in the software, how would you address and handle this situation?","In a professional setting, if your team is supposed to deliver a SaaS product within a two-day timeframe, and you discover a critical bug in the software, how would you address and handle this situation?","Inform your team leader or project manager about the bug immediately, and work collaboratively to assess its impact and decide on the next steps.",1
142,18-22 years old,Woman,"In a professional setting, if your team is supposed to deliver a SaaS product within a two-day timeframe, and you discover a critical bug in the software, how would you address and handle this situation?","In a professional setting, if your team is supposed to deliver a SaaS product within a two-day timeframe, and you discover a critical bug in the software, how would you address and handle this situation?","Document the bug and send an email to the client explaining the issue, suggesting a new timeline for delivery",1
143,18-22 years old,Man,What is you preferred development environment?,What is you preferred development environment?,Windows,1
144,18-22 years old,Man, How do you learn to code?, How do you learn to code?,Online Courses or Certification,1
145,18-22 years old,Man,What is the biggest challenge you face as a developer?,What is the biggest challenge you face as a developer?,Keeping up with new technologies,1
146,18-22 years old,Man,"When choosing a programming language for a new project, you prioritize:","When choosing a programming language for a new project, you prioritize:",The language's community support and ecosystem,1
147,18-22 years old,Man,How do you communicate effectively with teammates to collaborate while adhering to the timelines?,How do you communicate effectively with teammates to collaborate while adhering to the timelines?,"Use project management tools to assign tasks and track progress, ensuring everyone is aware of deadlines.",1
148,18-22 years old,Man,How do you ensure that you stay up-to-date with industry changes as a software developer?,How do you ensure that you stay up-to-date with industry changes as a software developer?,"Regularly read industry blogs, websites, and journals to learn about the latest trends and technologies.",1
149,18-22 years old,Man,How do you balance between innovation and meeting project deadlines?,How do you balance between innovation and meeting project deadlines?,Allocate specific time for research and innovation,1
150,18-22 years old,Man,Software development contributes to societal challenges by:,Software development contributes to societal challenges by:,"Supporting economic development through fintech solutions, e-commerce platforms, and digital marketplaces.",1
151,18-22 years old,Man,"A company uses an AI system to monitor its employees' productivity. The AI suggests firing an employee based on low productivity, but the employee is going through a tough personal time. How should the company proceed?","A company uses an AI system to monitor its employees' productivity. The AI suggests firing an employee based on low productivity, but the employee is going through a tough personal time. How should the company proceed?",Ignore the AI‚Äôs suggestion and keep the employee,1
152,18-22 years old,Man,You're assigned to a project that requires expertise in a programming language you're not familiar with. The deadline is tight. What is your strategy to tackle this situation? ,You're assigned to a project that requires expertise in a programming language you're not familiar with. The deadline is tight. What is your strategy to tackle this situation? ,Seek assistance from a colleague who knows the language.,1
153,18-22 years old,Man,You discover a critical bug right before a software release. What immediate action do you take?,You discover a critical bug right before a software release. What immediate action do you take?,Release a limited beta version to a select group of users for further testing while addressing the bug.,1
154,18-22 years old,Man,"In a professional setting, if your team is supposed to deliver a SaaS product within a two-day timeframe, and you discover a critical bug in the software, how would you address and handle this situation?","In a professional setting, if your team is supposed to deliver a SaaS product within a two-day timeframe, and you discover a critical bug in the software, how would you address and handle this situation?","Prioritize the bug based on its severity and impact, and if it's critical, reallocate resources to fix it immediately, even if this means pushing back the delivery date",1
155,18-22 years old,Man,What is you preferred development environment?,What is you preferred development environment?,Windows,8
156,18-22 years old,Man,What is you preferred development environment?,What is you preferred development environment?,macOS,1
157,18-22 years old,Man, How do you learn to code?, How do you learn to code?,Online Courses or Certification,9
158,18-22 years old,Man,What is the biggest challenge you face as a developer?,What is the biggest challenge you face as a developer?,Work-life balance,3
159,18-22 years old,Man,What is the biggest challenge you face as a developer?,What is the biggest challenge you face as a developer?,Time management,3
160,18-22 years old,Man,What is the biggest challenge you face as a developer?,What is the biggest challenge you face as a developer?,Understanding existing codebases,2
161,18-22 years old,Man,What is the biggest challenge you face as a developer?,What is the biggest challenge you face as a developer?,Keeping up with new technologies,1
162,18-22 years old,Man,"When choosing a programming language for a new project, you prioritize:","When choosing a programming language for a new project, you prioritize:",The development team's familiarity with the language,2
163,18-22 years old,Man,"When choosing a programming language for a new project, you prioritize:","When choosing a programming language for a new project, you prioritize:",The specific requirements of the project,4
164,18-22 years old,Man,"When choosing a programming language for a new project, you prioritize:","When choosing a programming language for a new project, you prioritize:",The language's performance and scalability,2
165,18-22 years old,Man,"When choosing a programming language for a new project, you prioritize:","When choosing a programming language for a new project, you prioritize:",The language's community support and ecosystem,1
166,18-22 years old,Man,How do you communicate effectively with teammates to collaborate while adhering to the timelines?,How do you communicate effectively with teammates to collaborate while adhering to the timelines?,"Schedule regular meetings for updates and coordination, but keep them concise to avoid taking too much time away from work.",5
167,18-22 years old,Man,How do you communicate effectively with teammates to collaborate while adhering to the timelines?,How do you communicate effectively with teammates to collaborate while adhering to the timelines?,"Use project management tools to assign tasks and track progress, ensuring everyone is aware of deadlines.",3
168,18-22 years old,Man,How do you communicate effectively with teammates to collaborate while adhering to the timelines?,How do you communicate effectively with teammates to collaborate while adhering to the timelines?,Implement a combination of written documentation for clarity and regular check-ins for personal engagement and immediate feedback.,1
169,18-22 years old,Man,How do you ensure that you stay up-to-date with industry changes as a software developer?,How do you ensure that you stay up-to-date with industry changes as a software developer?,"Regularly read industry blogs, websites, and journals to learn about the latest trends and technologies.",6
170,18-22 years old,Man,How do you ensure that you stay up-to-date with industry changes as a software developer?,How do you ensure that you stay up-to-date with industry changes as a software developer?,Participate in online courses and certification programs to acquire new skills and knowledge.,2
171,18-22 years old,Man,How do you ensure that you stay up-to-date with industry changes as a software developer?,How do you ensure that you stay up-to-date with industry changes as a software developer?,Engage in open-source projects and coding communities to get hands-on experience with cutting-edge technologies.,1
172,18-22 years old,Man,How do you balance between innovation and meeting project deadlines?,How do you balance between innovation and meeting project deadlines?,Allocate specific time for research and innovation,5
173,18-22 years old,Man,How do you balance between innovation and meeting project deadlines?,How do you balance between innovation and meeting project deadlines?,Adjust project scopes to include innovation,3
174,18-22 years old,Man,How do you balance between innovation and meeting project deadlines?,How do you balance between innovation and meeting project deadlines?,Focus solely on meeting deadlines,1
175,18-22 years old,Man,Software development contributes to societal challenges by:,Software development contributes to societal challenges by:,"Enhancing education with e-learning platforms, interactive learning tools, and virtual classrooms.",3
176,18-22 years old,Man,Software development contributes to societal challenges by:,Software development contributes to societal challenges by:,"Supporting economic development through fintech solutions, e-commerce platforms, and digital marketplaces.",1
177,18-22 years old,Man,Software development contributes to societal challenges by:,Software development contributes to societal challenges by:,"Improving healthcare through technology, such as telemedicine platforms and health tracking apps.",4
178,18-22 years old,Man,Software development contributes to societal challenges by:,Software development contributes to societal challenges by:,"Addressing climate change with environmental monitoring systems, carbon footprint calculators, and energy efficiency applications.",1
179,18-22 years old,Man,"A company uses an AI system to monitor its employees' productivity. The AI suggests firing an employee based on low productivity, but the employee is going through a tough personal time. How should the company proceed?","A company uses an AI system to monitor its employees' productivity. The AI suggests firing an employee based on low productivity, but the employee is going through a tough personal time. How should the company proceed?",Use the AI‚Äôs suggestion as one of several factors in the decision,5
180,18-22 years old,Man,"A company uses an AI system to monitor its employees' productivity. The AI suggests firing an employee based on low productivity, but the employee is going through a tough personal time. How should the company proceed?","A company uses an AI system to monitor its employees' productivity. The AI suggests firing an employee based on low productivity, but the employee is going through a tough personal time. How should the company proceed?",Ignore the AI‚Äôs suggestion and keep the employee,4
181,18-22 years old,Man,You're assigned to a project that requires expertise in a programming language you're not familiar with. The deadline is tight. What is your strategy to tackle this situation? ,You're assigned to a project that requires expertise in a programming language you're not familiar with. The deadline is tight. What is your strategy to tackle this situation? ,Use your existing knowledge and adapt as you go.,7
182,18-22 years old,Man,You're assigned to a project that requires expertise in a programming language you're not familiar with. The deadline is tight. What is your strategy to tackle this situation? ,You're assigned to a project that requires expertise in a programming language you're not familiar with. The deadline is tight. What is your strategy to tackle this situation? ,Spend time upfront to learn the basics of the language.,2
183,18-22 years old,Man,You discover a critical bug right before a software release. What immediate action do you take?,You discover a critical bug right before a software release. What immediate action do you take?,Proceed with the release as planned and fix the bug in a subsequent patch.,3
184,18-22 years old,Man,You discover a critical bug right before a software release. What immediate action do you take?,You discover a critical bug right before a software release. What immediate action do you take?,Release a limited beta version to a select group of users for further testing while addressing the bug.,3
185,18-22 years old,Man,You discover a critical bug right before a software release. What immediate action do you take?,You discover a critical bug right before a software release. What immediate action do you take?,Communicate with stakeholders about the issue and seek their input on how to proceed.,3
186,18-22 years old,Man,"In a professional setting, if your team is supposed to deliver a SaaS product within a two-day timeframe, and you discover a critical bug in the software, how would you address and handle this situation?","In a professional setting, if your team is supposed to deliver a SaaS product within a two-day timeframe, and you discover a critical bug in the software, how would you address and handle this situation?","Prioritize the bug based on its severity and impact, and if it's critical, reallocate resources to fix it immediately, even if this means pushing back the delivery date",2
187,18-22 years old,Man,"In a professional setting, if your team is supposed to deliver a SaaS product within a two-day timeframe, and you discover a critical bug in the software, how would you address and handle this situation?","In a professional setting, if your team is supposed to deliver a SaaS product within a two-day timeframe, and you discover a critical bug in the software, how would you address and handle this situation?","Inform your team leader or project manager about the bug immediately, and work collaboratively to assess its impact and decide on the next steps.",5
188,18-22 years old,Man,"In a professional setting, if your team is supposed to deliver a SaaS product within a two-day timeframe, and you discover a critical bug in the software, how would you address and handle this situation?","In a professional setting, if your team is supposed to deliver a SaaS product within a two-day timeframe, and you discover a critical bug in the software, how would you address and handle this situation?","Ignore the bug and proceed with the delivery as planned, with the intention of fixing the bug in the next update.",1
189,18-22 years old,Man,"In a professional setting, if your team is supposed to deliver a SaaS product within a two-day timeframe, and you discover a critical bug in the software, how would you address and handle this situation?","In a professional setting, if your team is supposed to deliver a SaaS product within a two-day timeframe, and you discover a critical bug in the software, how would you address and handle this situation?","Document the bug and send an email to the client explaining the issue, suggesting a new timeline for delivery",1
190,18-22 years old,Woman,What is you preferred development environment?,What is you preferred development environment?,Windows,6
191,18-22 years old,Woman,What is you preferred development environment?,What is you preferred development environment?,macOS,1
192,18-22 years old,Woman, How do you learn to code?, How do you learn to code?,Online Courses or Certification,3
193,18-22 years old,Woman, How do you learn to code?, How do you learn to code?,"School (i.e, University, College, etc)",1
194,18-22 years old,Woman, How do you learn to code?, How do you learn to code?,"Online Courses or Certification, School (i.e, University, College, etc), Coding Bootcamp",1
195,18-22 years old,Woman, How do you learn to code?, How do you learn to code?,"Online Courses or Certification, Books, School (i.e, University, College, etc)",2
196,18-22 years old,Woman,What is the biggest challenge you face as a developer?,What is the biggest challenge you face as a developer?,Work-life balance,1
197,18-22 years old,Woman,What is the biggest challenge you face as a developer?,What is the biggest challenge you face as a developer?,Time management,3
198,18-22 years old,Woman,What is the biggest challenge you face as a developer?,What is the biggest challenge you face as a developer?,Keeping up with new technologies,3
199,18-22 years old,Woman,"When choosing a programming language for a new project, you prioritize:","When choosing a programming language for a new project, you prioritize:",The specific requirements of the project,4
200,18-22 years old,Woman,"When choosing a programming language for a new project, you prioritize:","When choosing a programming language for a new project, you prioritize:",The language's performance and scalability,1
201,18-22 years old,Woman,"When choosing a programming language for a new project, you prioritize:","When choosing a programming language for a new project, you prioritize:",The language's community support and ecosystem,1
202,18-22 years old,Woman,"When choosing a programming language for a new project, you prioritize:","When choosing a programming language for a new project, you prioritize:",The development team's familiarity with the language,1
203,18-22 years old,Woman,How do you communicate effectively with teammates to collaborate while adhering to the timelines?,How do you communicate effectively with teammates to collaborate while adhering to the timelines?,"Schedule regular meetings for updates and coordination, but keep them concise to avoid taking too much time away from work.",3
204,18-22 years old,Woman,How do you communicate effectively with teammates to collaborate while adhering to the timelines?,How do you communicate effectively with teammates to collaborate while adhering to the timelines?,"Use project management tools to assign tasks and track progress, ensuring everyone is aware of deadlines.",2
205,18-22 years old,Woman,How do you communicate effectively with teammates to collaborate while adhering to the timelines?,How do you communicate effectively with teammates to collaborate while adhering to the timelines?,"Rely on informal chats and emails for quick updates, trusting team members to manage their time efficiently.",1
206,18-22 years old,Woman,How do you communicate effectively with teammates to collaborate while adhering to the timelines?,How do you communicate effectively with teammates to collaborate while adhering to the timelines?,Implement a combination of written documentation for clarity and regular check-ins for personal engagement and immediate feedback.,1
207,18-22 years old,Woman,How do you ensure that you stay up-to-date with industry changes as a software developer?,How do you ensure that you stay up-to-date with industry changes as a software developer?,"Attend workshops, conferences, and webinars to gain insights from industry leaders and peers.",1
208,18-22 years old,Woman,How do you ensure that you stay up-to-date with industry changes as a software developer?,How do you ensure that you stay up-to-date with industry changes as a software developer?,"Regularly read industry blogs, websites, and journals to learn about the latest trends and technologies.",2
209,18-22 years old,Woman,How do you ensure that you stay up-to-date with industry changes as a software developer?,How do you ensure that you stay up-to-date with industry changes as a software developer?,Participate in online courses and certification programs to acquire new skills and knowledge.,1
210,18-22 years old,Woman,How do you ensure that you stay up-to-date with industry changes as a software developer?,How do you ensure that you stay up-to-date with industry changes as a software developer?,"Participate in online courses and certification programs to acquire new skills and knowledge., Engage in open-source projects and coding communities to get hands-on experience with cutting-edge technologies.",1
211,18-22 years old,Woman,How do you ensure that you stay up-to-date with industry changes as a software developer?,How do you ensure that you stay up-to-date with industry changes as a software developer?,"Regularly read industry blogs, websites, and journals to learn about the latest trends and technologies., Participate in online courses and certification programs to acquire new skills and knowledge.",1
212,18-22 years old,Woman,How do you ensure that you stay up-to-date with industry changes as a software developer?,How do you ensure that you stay up-to-date with industry changes as a software developer?,"Regularly read industry blogs, websites, and journals to learn about the latest trends and technologies., Participate in online courses and certification programs to acquire new skills and knowledge., Engage in open-source projects and coding communities to get hands-on experience with cutting-edge technologies.",1
213,18-22 years old,Woman,How do you balance between innovation and meeting project deadlines?,How do you balance between innovation and meeting project deadlines?,Allocate specific time for research and innovation,4
214,18-22 years old,Woman,How do you balance between innovation and meeting project deadlines?,How do you balance between innovation and meeting project deadlines?,Prioritize innovation over deadlines,1
215,18-22 years old,Woman,How do you balance between innovation and meeting project deadlines?,How do you balance between innovation and meeting project deadlines?,Adjust project scopes to include innovation,2
216,18-22 years old,Woman,Software development contributes to societal challenges by:,Software development contributes to societal challenges by:,"Supporting economic development through fintech solutions, e-commerce platforms, and digital marketplaces.",1
217,18-22 years old,Woman,Software development contributes to societal challenges by:,Software development contributes to societal challenges by:,"Improving healthcare through technology, such as telemedicine platforms and health tracking apps.",2
218,18-22 years old,Woman,Software development contributes to societal challenges by:,Software development contributes to societal challenges by:,"Enhancing education with e-learning platforms, interactive learning tools, and virtual classrooms.",1
219,18-22 years old,Woman,Software development contributes to societal challenges by:,Software development contributes to societal challenges by:,"Improving healthcare through technology, such as telemedicine platforms and health tracking apps., Enhancing education with e-learning platforms, interactive learning tools, and virtual classrooms., Addressing climate change with environmental monitoring systems, carbon footprint calculators, and energy efficiency applications., Supporting economic development through fintech solutions, e-commerce platforms, and digital marketplaces.",2
220,18-22 years old,Woman,Software development contributes to societal challenges by:,Software development contributes to societal challenges by:,"Improving healthcare through technology, such as telemedicine platforms and health tracking apps., Enhancing education with e-learning platforms, interactive learning tools, and virtual classrooms.",1
221,18-22 years old,Woman,"A company uses an AI system to monitor its employees' productivity. The AI suggests firing an employee based on low productivity, but the employee is going through a tough personal time. How should the company proceed?","A company uses an AI system to monitor its employees' productivity. The AI suggests firing an employee based on low productivity, but the employee is going through a tough personal time. How should the company proceed?",Use the AI‚Äôs suggestion as one of several factors in the decision,7
222,18-22 years old,Woman,You're assigned to a project that requires expertise in a programming language you're not familiar with. The deadline is tight. What is your strategy to tackle this situation? ,You're assigned to a project that requires expertise in a programming language you're not familiar with. The deadline is tight. What is your strategy to tackle this situation? ,Spend time upfront to learn the basics of the language.,1
223,18-22 years old,Woman,You're assigned to a project that requires expertise in a programming language you're not familiar with. The deadline is tight. What is your strategy to tackle this situation? ,You're assigned to a project that requires expertise in a programming language you're not familiar with. The deadline is tight. What is your strategy to tackle this situation? ,Seek assistance from a colleague who knows the language.,3
224,18-22 years old,Woman,You're assigned to a project that requires expertise in a programming language you're not familiar with. The deadline is tight. What is your strategy to tackle this situation? ,You're assigned to a project that requires expertise in a programming language you're not familiar with. The deadline is tight. What is your strategy to tackle this situation? ,Use your existing knowledge and adapt as you go.,3
225,18-22 years old,Woman,You discover a critical bug right before a software release. What immediate action do you take?,You discover a critical bug right before a software release. What immediate action do you take?,Release a limited beta version to a select group of users for further testing while addressing the bug.,6
226,18-22 years old,Woman,You discover a critical bug right before a software release. What immediate action do you take?,You discover a critical bug right before a software release. What immediate action do you take?,Proceed with the release as planned and fix the bug in a subsequent patch.,1
227,18-22 years old,Woman,"In a professional setting, if your team is supposed to deliver a SaaS product within a two-day timeframe, and you discover a critical bug in the software, how would you address and handle this situation?","In a professional setting, if your team is supposed to deliver a SaaS product within a two-day timeframe, and you discover a critical bug in the software, how would you address and handle this situation?","Inform your team leader or project manager about the bug immediately, and work collaboratively to assess its impact and decide on the next steps.",3
228,18-22 years old,Woman,"In a professional setting, if your team is supposed to deliver a SaaS product within a two-day timeframe, and you discover a critical bug in the software, how would you address and handle this situation?","In a professional setting, if your team is supposed to deliver a SaaS product within a two-day timeframe, and you discover a critical bug in the software, how would you address and handle this situation?","Prioritize the bug based on its severity and impact, and if it's critical, reallocate resources to fix it immediately, even if this means pushing back the delivery date",4
229,18-22 years old,Woman,What is you preferred development environment?,What is you preferred development environment?,Windows,1
230,18-22 years old,Woman, How do you learn to code?, How do you learn to code?,"School (i.e, University, College, etc)",1
231,18-22 years old,Woman,What is the biggest challenge you face as a developer?,What is the biggest challenge you face as a developer?,Time management,1
232,18-22 years old,Woman,"When choosing a programming language for a new project, you prioritize:","When choosing a programming language for a new project, you prioritize:",The specific requirements of the project,1
233,18-22 years old,Woman,How do you communicate effectively with teammates to collaborate while adhering to the timelines?,How do you communicate effectively with teammates to collaborate while adhering to the timelines?,Implement a combination of written documentation for clarity and regular check-ins for personal engagement and immediate feedback.,1
234,18-22 years old,Woman,How do you ensure that you stay up-to-date with industry changes as a software developer?,How do you ensure that you stay up-to-date with industry changes as a software developer?,Engage in open-source projects and coding communities to get hands-on experience with cutting-edge technologies.,1
235,18-22 years old,Woman,How do you balance between innovation and meeting project deadlines?,How do you balance between innovation and meeting project deadlines?,Allocate specific time for research and innovation,1
236,18-22 years old,Woman,Software development contributes to societal challenges by:,Software development contributes to societal challenges by:,"Supporting economic development through fintech solutions, e-commerce platforms, and digital marketplaces.",1
237,18-22 years old,Woman,"A company uses an AI system to monitor its employees' productivity. The AI suggests firing an employee based on low productivity, but the employee is going through a tough personal time. How should the company proceed?","A company uses an AI system to monitor its employees' productivity. The AI suggests firing an employee based on low productivity, but the employee is going through a tough personal time. How should the company proceed?",Use the AI‚Äôs suggestion as one of several factors in the decision,1
238,18-22 years old,Woman,You're assigned to a project that requires expertise in a programming language you're not familiar with. The deadline is tight. What is your strategy to tackle this situation? ,You're assigned to a project that requires expertise in a programming language you're not familiar with. The deadline is tight. What is your strategy to tackle this situation? ,Use your existing knowledge and adapt as you go.,1
239,18-22 years old,Woman,You discover a critical bug right before a software release. What immediate action do you take?,You discover a critical bug right before a software release. What immediate action do you take?,"Delay the release to assess and fix the bug, ensuring the product meets quality standards.",1
240,18-22 years old,Woman,"In a professional setting, if your team is supposed to deliver a SaaS product within a two-day timeframe, and you discover a critical bug in the software, how would you address and handle this situation?","In a professional setting, if your team is supposed to deliver a SaaS product within a two-day timeframe, and you discover a critical bug in the software, how would you address and handle this situation?","Prioritize the bug based on its severity and impact, and if it's critical, reallocate resources to fix it immediately, even if this means pushing back the delivery date",1
241,27-35 years old,Man,What is you preferred development environment?,What is you preferred development environment?,macOS,1
242,27-35 years old,Man,What is you preferred development environment?,What is you preferred development environment?,Both macOS and Linux are fine to me,1
243,27-35 years old,Man,What is you preferred development environment?,What is you preferred development environment?,Windows,1
244,27-35 years old,Man, How do you learn to code?, How do you learn to code?,"School (i.e, University, College, etc)",1
245,27-35 years old,Man, How do you learn to code?, How do you learn to code?,"Online Courses or Certification, School (i.e, University, College, etc)",1
246,27-35 years old,Man, How do you learn to code?, How do you learn to code?,Online Courses or Certification,1
247,27-35 years old,Man,What is the biggest challenge you face as a developer?,What is the biggest challenge you face as a developer?,Work-life balance,1
248,27-35 years old,Man,What is the biggest challenge you face as a developer?,What is the biggest challenge you face as a developer?,Understanding existing codebases,2
249,27-35 years old,Man,"When choosing a programming language for a new project, you prioritize:","When choosing a programming language for a new project, you prioritize:",The specific requirements of the project,1
250,27-35 years old,Man,"When choosing a programming language for a new project, you prioritize:","When choosing a programming language for a new project, you prioritize:",The language's community support and ecosystem,2
251,27-35 years old,Man,How do you communicate effectively with teammates to collaborate while adhering to the timelines?,How do you communicate effectively with teammates to collaborate while adhering to the timelines?,"Use project management tools to assign tasks and track progress, ensuring everyone is aware of deadlines.",1
252,27-35 years old,Man,How do you communicate effectively with teammates to collaborate while adhering to the timelines?,How do you communicate effectively with teammates to collaborate while adhering to the timelines?,Implement a combination of written documentation for clarity and regular check-ins for personal engagement and immediate feedback.,1
253,27-35 years old,Man,How do you communicate effectively with teammates to collaborate while adhering to the timelines?,How do you communicate effectively with teammates to collaborate while adhering to the timelines?,"Schedule regular meetings for updates and coordination, but keep them concise to avoid taking too much time away from work.",1
254,27-35 years old,Man,How do you ensure that you stay up-to-date with industry changes as a software developer?,How do you ensure that you stay up-to-date with industry changes as a software developer?,"Regularly read industry blogs, websites, and journals to learn about the latest trends and technologies.",1
255,27-35 years old,Man,How do you ensure that you stay up-to-date with industry changes as a software developer?,How do you ensure that you stay up-to-date with industry changes as a software developer?,"Regularly read industry blogs, websites, and journals to learn about the latest trends and technologies., Attend workshops, conferences, and webinars to gain insights from industry leaders and peers.",1
256,27-35 years old,Man,How do you ensure that you stay up-to-date with industry changes as a software developer?,How do you ensure that you stay up-to-date with industry changes as a software developer?,"Attend workshops, conferences, and webinars to gain insights from industry leaders and peers., Participate in online courses and certification programs to acquire new skills and knowledge.",1
257,27-35 years old,Man,How do you balance between innovation and meeting project deadlines?,How do you balance between innovation and meeting project deadlines?,Adjust project scopes to include innovation,2
258,27-35 years old,Man,How do you balance between innovation and meeting project deadlines?,How do you balance between innovation and meeting project deadlines?,Allocate specific time for research and innovation,1
259,27-35 years old,Man,Software development contributes to societal challenges by:,Software development contributes to societal challenges by:,"Addressing climate change with environmental monitoring systems, carbon footprint calculators, and energy efficiency applications.",1
260,27-35 years old,Man,Software development contributes to societal challenges by:,Software development contributes to societal challenges by:,"Enhancing education with e-learning platforms, interactive learning tools, and virtual classrooms., Addressing climate change with environmental monitoring systems, carbon footprint calculators, and energy efficiency applications.",1
261,27-35 years old,Man,Software development contributes to societal challenges by:,Software development contributes to societal challenges by:,"Enhancing education with e-learning platforms, interactive learning tools, and virtual classrooms., Supporting economic development through fintech solutions, e-commerce platforms, and digital marketplaces.",1
262,27-35 years old,Man,"A company uses an AI system to monitor its employees' productivity. The AI suggests firing an employee based on low productivity, but the employee is going through a tough personal time. How should the company proceed?","A company uses an AI system to monitor its employees' productivity. The AI suggests firing an employee based on low productivity, but the employee is going through a tough personal time. How should the company proceed?",Use the AI‚Äôs suggestion as one of several factors in the decision,2
263,27-35 years old,Man,"A company uses an AI system to monitor its employees' productivity. The AI suggests firing an employee based on low productivity, but the employee is going through a tough personal time. How should the company proceed?","A company uses an AI system to monitor its employees' productivity. The AI suggests firing an employee based on low productivity, but the employee is going through a tough personal time. How should the company proceed?",Ignore the AI‚Äôs suggestion and keep the employee,1
264,27-35 years old,Man,You're assigned to a project that requires expertise in a programming language you're not familiar with. The deadline is tight. What is your strategy to tackle this situation? ,You're assigned to a project that requires expertise in a programming language you're not familiar with. The deadline is tight. What is your strategy to tackle this situation? ,Use your existing knowledge and adapt as you go.,2
265,27-35 years old,Man,You're assigned to a project that requires expertise in a programming language you're not familiar with. The deadline is tight. What is your strategy to tackle this situation? ,You're assigned to a project that requires expertise in a programming language you're not familiar with. The deadline is tight. What is your strategy to tackle this situation? ,Spend time upfront to learn the basics of the language.,1
266,27-35 years old,Man,You discover a critical bug right before a software release. What immediate action do you take?,You discover a critical bug right before a software release. What immediate action do you take?,Communicate with stakeholders about the issue and seek their input on how to proceed.,2
267,27-35 years old,Man,You discover a critical bug right before a software release. What immediate action do you take?,You discover a critical bug right before a software release. What immediate action do you take?,Release a limited beta version to a select group of users for further testing while addressing the bug.,1
268,27-35 years old,Man,"In a professional setting, if your team is supposed to deliver a SaaS product within a two-day timeframe, and you discover a critical bug in the software, how would you address and handle this situation?","In a professional setting, if your team is supposed to deliver a SaaS product within a two-day timeframe, and you discover a critical bug in the software, how would you address and handle this situation?","Prioritize the bug based on its severity and impact, and if it's critical, reallocate resources to fix it immediately, even if this means pushing back the delivery date",1
269,27-35 years old,Man,"In a professional setting, if your team is supposed to deliver a SaaS product within a two-day timeframe, and you discover a critical bug in the software, how would you address and handle this situation?","In a professional setting, if your team is supposed to deliver a SaaS product within a two-day timeframe, and you discover a critical bug in the software, how would you address and handle this situation?","Inform your team leader or project manager about the bug immediately, and work collaboratively to assess its impact and decide on the next steps.",2
270,23-26 years old,Woman,What is you preferred development environment?,What is you preferred development environment?,macOS,1
271,23-26 years old,Woman, How do you learn to code?, How do you learn to code?,"Books, School (i.e, University, College, etc)",1
272,23-26 years old,Woman,What is the biggest challenge you face as a developer?,What is the biggest challenge you face as a developer?,Keeping up with new technologies,1
273,23-26 years old,Woman,"When choosing a programming language for a new project, you prioritize:","When choosing a programming language for a new project, you prioritize:",The development team's familiarity with the language,1
274,23-26 years old,Woman,How do you communicate effectively with teammates to collaborate while adhering to the timelines?,How do you communicate effectively with teammates to collaborate while adhering to the timelines?,"Use project management tools to assign tasks and track progress, ensuring everyone is aware of deadlines.",1
275,23-26 years old,Woman,How do you ensure that you stay up-to-date with industry changes as a software developer?,How do you ensure that you stay up-to-date with industry changes as a software developer?,"Regularly read industry blogs, websites, and journals to learn about the latest trends and technologies.",1
276,23-26 years old,Woman,How do you balance between innovation and meeting project deadlines?,How do you balance between innovation and meeting project deadlines?,Adjust project scopes to include innovation,1
277,23-26 years old,Woman,Software development contributes to societal challenges by:,Software development contributes to societal challenges by:,"Improving healthcare through technology, such as telemedicine platforms and health tracking apps., Enhancing education with e-learning platforms, interactive learning tools, and virtual classrooms.",1
278,23-26 years old,Woman,"A company uses an AI system to monitor its employees' productivity. The AI suggests firing an employee based on low productivity, but the employee is going through a tough personal time. How should the company proceed?","A company uses an AI system to monitor its employees' productivity. The AI suggests firing an employee based on low productivity, but the employee is going through a tough personal time. How should the company proceed?",Use the AI‚Äôs suggestion as one of several factors in the decision,1
279,23-26 years old,Woman,You're assigned to a project that requires expertise in a programming language you're not familiar with. The deadline is tight. What is your strategy to tackle this situation? ,You're assigned to a project that requires expertise in a programming language you're not familiar with. The deadline is tight. What is your strategy to tackle this situation? ,Use your existing knowledge and adapt as you go.,1
280,23-26 years old,Woman,You discover a critical bug right before a software release. What immediate action do you take?,You discover a critical bug right before a software release. What immediate action do you take?,Communicate with stakeholders about the issue and seek their input on how to proceed.,1
281,23-26 years old,Woman,"In a professional setting, if your team is supposed to deliver a SaaS product within a two-day timeframe, and you discover a critical bug in the software, how would you address and handle this situation?","In a professional setting, if your team is supposed to deliver a SaaS product within a two-day timeframe, and you discover a critical bug in the software, how would you address and handle this situation?","Inform your team leader or project manager about the bug immediately, and work collaboratively to assess its impact and decide on the next steps.",1
282,23-26 years old,Woman,What is you preferred development environment?,What is you preferred development environment?,macOS,1
283,23-26 years old,Woman,What is you preferred development environment?,What is you preferred development environment?,Windows,1
284,23-26 years old,Woman, How do you learn to code?, How do you learn to code?,"School (i.e, University, College, etc)",1
285,23-26 years old,Woman, How do you learn to code?, How do you learn to code?,"Online Courses or Certification, School (i.e, University, College, etc)",1
286,23-26 years old,Woman,What is the biggest challenge you face as a developer?,What is the biggest challenge you face as a developer?,Understanding existing codebases,2
287,23-26 years old,Woman,"When choosing a programming language for a new project, you prioritize:","When choosing a programming language for a new project, you prioritize:",The specific requirements of the project,1
288,23-26 years old,Woman,"When choosing a programming language for a new project, you prioritize:","When choosing a programming language for a new project, you prioritize:",The development team's familiarity with the language,1
289,23-26 years old,Woman,How do you communicate effectively with teammates to collaborate while adhering to the timelines?,How do you communicate effectively with teammates to collaborate while adhering to the timelines?,Implement a combination of written documentation for clarity and regular check-ins for personal engagement and immediate feedback.,1
290,23-26 years old,Woman,How do you communicate effectively with teammates to collaborate while adhering to the timelines?,How do you communicate effectively with teammates to collaborate while adhering to the timelines?,"Schedule regular meetings for updates and coordination, but keep them concise to avoid taking too much time away from work.",1
291,23-26 years old,Woman,How do you ensure that you stay up-to-date with industry changes as a software developer?,How do you ensure that you stay up-to-date with industry changes as a software developer?,"Regularly read industry blogs, websites, and journals to learn about the latest trends and technologies., Attend workshops, conferences, and webinars to gain insights from industry leaders and peers., Participate in online courses and certification programs to acquire new skills and knowledge., Engage in open-source projects and coding communities to get hands-on experience with cutting-edge technologies.",1
292,23-26 years old,Woman,How do you ensure that you stay up-to-date with industry changes as a software developer?,How do you ensure that you stay up-to-date with industry changes as a software developer?,Participate in online courses and certification programs to acquire new skills and knowledge.,1
293,23-26 years old,Woman,How do you balance between innovation and meeting project deadlines?,How do you balance between innovation and meeting project deadlines?,Allocate specific time for research and innovation,1
294,23-26 years old,Woman,How do you balance between innovation and meeting project deadlines?,How do you balance between innovation and meeting project deadlines?,Adjust project scopes to include innovation,1
295,23-26 years old,Woman,Software development contributes to societal challenges by:,Software development contributes to societal challenges by:,"Improving healthcare through technology, such as telemedicine platforms and health tracking apps., Enhancing education with e-learning platforms, interactive learning tools, and virtual classrooms., Addressing climate change with environmental monitoring systems, carbon footprint calculators, and energy efficiency applications., Supporting economic development through fintech solutions, e-commerce platforms, and digital marketplaces.",1
296,23-26 years old,Woman,Software development contributes to societal challenges by:,Software development contributes to societal challenges by:,"Improving healthcare through technology, such as telemedicine platforms and health tracking apps., Addressing climate change with environmental monitoring systems, carbon footprint calculators, and energy efficiency applications., Supporting economic development through fintech solutions, e-commerce platforms, and digital marketplaces.",1
297,23-26 years old,Woman,"A company uses an AI system to monitor its employees' productivity. The AI suggests firing an employee based on low productivity, but the employee is going through a tough personal time. How should the company proceed?","A company uses an AI system to monitor its employees' productivity. The AI suggests firing an employee based on low productivity, but the employee is going through a tough personal time. How should the company proceed?",Use the AI‚Äôs suggestion as one of several factors in the decision,2
298,23-26 years old,Woman,You're assigned to a project that requires expertise in a programming language you're not familiar with. The deadline is tight. What is your strategy to tackle this situation? ,You're assigned to a project that requires expertise in a programming language you're not familiar with. The deadline is tight. What is your strategy to tackle this situation? ,Seek assistance from a colleague who knows the language.,1
299,23-26 years old,Woman,You're assigned to a project that requires expertise in a programming language you're not familiar with. The deadline is tight. What is your strategy to tackle this situation? ,You're assigned to a project that requires expertise in a programming language you're not familiar with. The deadline is tight. What is your strategy to tackle this situation? ,Suggest reallocating the project to someone with the necessary expertise.,1
300,23-26 years old,Woman,You discover a critical bug right before a software release. What immediate action do you take?,You discover a critical bug right before a software release. What immediate action do you take?,Release a limited beta version to a select group of users for further testing while addressing the bug.,2
301,23-26 years old,Woman,"In a professional setting, if your team is supposed to deliver a SaaS product within a two-day timeframe, and you discover a critical bug in the software, how would you address and handle this situation?","In a professional setting, if your team is supposed to deliver a SaaS product within a two-day timeframe, and you discover a critical bug in the software, how would you address and handle this situation?","Inform your team leader or project manager about the bug immediately, and work collaboratively to assess its impact and decide on the next steps.",2
302,27-35 years old,Woman,What is you preferred development environment?,What is you preferred development environment?,Linux,1
303,27-35 years old,Woman, How do you learn to code?, How do you learn to code?,"Online Courses or Certification, Books, School (i.e, University, College, etc)",1
304,27-35 years old,Woman,What is the biggest challenge you face as a developer?,What is the biggest challenge you face as a developer?,Keeping up with new technologies,1
305,27-35 years old,Woman,"When choosing a programming language for a new project, you prioritize:","When choosing a programming language for a new project, you prioritize:",The specific requirements of the project,1
306,27-35 years old,Woman,How do you communicate effectively with teammates to collaborate while adhering to the timelines?,How do you communicate effectively with teammates to collaborate while adhering to the timelines?,Implement a combination of written documentation for clarity and regular check-ins for personal engagement and immediate feedback.,1
307,27-35 years old,Woman,How do you ensure that you stay up-to-date with industry changes as a software developer?,How do you ensure that you stay up-to-date with industry changes as a software developer?,"Regularly read industry blogs, websites, and journals to learn about the latest trends and technologies., Attend workshops, conferences, and webinars to gain insights from industry leaders and peers.",1
308,27-35 years old,Woman,How do you balance between innovation and meeting project deadlines?,How do you balance between innovation and meeting project deadlines?,Allocate specific time for research and innovation,1
309,27-35 years old,Woman,Software development contributes to societal challenges by:,Software development contributes to societal challenges by:,"Improving healthcare through technology, such as telemedicine platforms and health tracking apps., Enhancing education with e-learning platforms, interactive learning tools, and virtual classrooms., Addressing climate change with environmental monitoring systems, carbon footprint calculators, and energy efficiency applications., Supporting economic development through fintech solutions, e-commerce platforms, and digital marketplaces.",1
310,27-35 years old,Woman,"A company uses an AI system to monitor its employees' productivity. The AI suggests firing an employee based on low productivity, but the employee is going through a tough personal time. How should the company proceed?","A company uses an AI system to monitor its employees' productivity. The AI suggests firing an employee based on low productivity, but the employee is going through a tough personal time. How should the company proceed?",Ignore the AI‚Äôs suggestion and keep the employee,1
311,27-35 years old,Woman,You're assigned to a project that requires expertise in a programming language you're not familiar with. The deadline is tight. What is your strategy to tackle this situation? ,You're assigned to a project that requires expertise in a programming language you're not familiar with. The deadline is tight. What is your strategy to tackle this situation? ,Use your existing knowledge and adapt as you go.,1
312,27-35 years old,Woman,You discover a critical bug right before a software release. What immediate action do you take?,You discover a critical bug right before a software release. What immediate action do you take?,"Delay the release to assess and fix the bug, ensuring the product meets quality standards.",1
313,27-35 years old,Woman,"In a professional setting, if your team is supposed to deliver a SaaS product within a two-day timeframe, and you discover a critical bug in the software, how would you address and handle this situation?","In a professional setting, if your team is supposed to deliver a SaaS product within a two-day timeframe, and you discover a critical bug in the software, how would you address and handle this situation?","Inform your team leader or project manager about the bug immediately, and work collaboratively to assess its impact and decide on the next steps.",1
